kabupaten_kota,Tahun,bawang_daun,bawang_merah,bawang_putih,bayam,buncis,cabai_besar,cabai_rawit,kacang_panjang,kangkung,kentang,tomat,wortel,luas_bawang_daun,luas_bawang_merah,luas_bayam,luas_buncis,luas_cabai_besar,luas_cabai_rawit,luas_kacang_panjang,luas_kangkung,luas_kentang,luas_tomat,luas_wortel
Bandung,2019,392236.0,621001.0,29091.0,13434.0,144769.0,434261.0,210446.0,41487.0,46778.0,816543.0,738864.0,485646.0,203.5,97.0,140.0,309.0,269.0,344.5,162.0,377.0,1025.5,343.0,795.25
Bandung,2020,0.0,0.0,0.0,0.0,0.0,0.0,0.0,0.0,0.0,0.0,0.0,0.0,203.5,97.0,140.0,309.0,269.0,344.5,162.0,377.0,1025.5,343.0,795.25
Bandung,2021,506296.0,589003.0,3163.0,29021.0,152244.0,508092.0,236799.0,73180.0,81518.0,706782.0,1009111.0,518335.0,3214.0,5002.0,239.0,539.0,2421.0,1342.0,242.0,417.0,3390.0,2131.0,2343.0
Bandung,2022,512082.0,772789.0,4165.0,23329.0,141640.0,362616.0,307601.0,60947.0,57636.0,723656.0,661593.0,617344.0,3548.0,6596.0,220.0,573.0,1767.0,1518.0,223.0,317.0,3642.0,1593.0,2991.0
Bandung,2023,571957.0,655147.0,1506.0,30854.0,129210.0,306819.0,276378.0,47755.0,78975.0,395740.0,672198.0,329711.0,3628.0,5507.0,285.0,497.0,1507.0,1490.0,236.5,451.0,1932.0,1700.0,1518.5
Bandung,2024,526106.0,876326.0,2049.0,32433.0,158629.0,348672.0,378618.0,92223.0,69821.0,501995.0,899377.0,260227.0,4414.0,7011.0,339.0,687.0,1817.0,1843.0,320.0,487.0,2966.0,2174.0,1972.0
Bekasi,2019,0.0,418.0,0.0,48512.0,0.0,637.0,946.0,9629.0,80660.0,0.0,0.0,0.0,3.1,7.575,858.5,0.0,37.9,38.760000000000005,49.105,1020.555,0.0,4.01,0.0
Bekasi,2020,0.0,0.0,0.0,0.0,0.0,0.0,0.0,0.0,0.0,0.0,0.0,0.0,3.1,7.575,858.5,0.0,37.9,38.760000000000005,49.105,1020.555,0.0,4.01,0.0
Bekasi,2021,0.0,548.0,0.0,51376.0,0.0,8084.0,5825.0,5032.0,100237.0,0.0,220.0,0.0,3.1,6.0,1022.0,0.0,44.0,55.0,63.0,1321.0,0.0,1.0,0.0
Bekasi,2022,0.0,252.0,0.0,53735.0,0.0,5232.0,4620.0,10954.0,59471.0,0.0,1346.0,0.0,3.1,5.0,1404.0,0.0,40.0,52.0,95.0,1412.0,0.0,7.0,0.0
Bekasi,2023,167.1,540.0,0.0,72584.23,0.0,8600.9,9671.0,6130.82,85426.95,0.0,1282.0,0.0,2.5,9.15,1323.64,0.0,37.9,45.05,50.21,1375.15,0.0,6.01,0.0
Bekasi,2024,439.7,2164.6,0.0,77040.05,0.0,3313.07,5710.86,6332.28,90193.15,0.0,1060.3,0.0,3.7,34.55,1228.5,0.0,25.51,36.52,54.12,1268.11,0.0,2.01,0.0
Bogor,2019,26004.0,0.0,161.0,133201.0,45262.0,36699.0,21842.0,120701.0,206964.0,120.0,58348.0,21108.0,395.25,2.0,858.0,389.0,84.0,169.5,496.035,1664.0,2.0,172.5,110.25
Bogor,2020,0.0,0.0,0.0,0.0,0.0,0.0,0.0,0.0,0.0,0.0,0.0,0.0,395.25,2.0,858.0,389.0,84.0,169.5,496.035,1664.0,2.0,172.5,110.25
Bogor,2021,39845.0,18.0,429.0,140403.0,63233.0,15014.0,31084.0,133359.0,226484.0,914.0,74994.0,16547.0,463.0,0.0,1557.0,469.0,159.0,315.0,1096.0,1664.0,7.0,326.0,115.0
Bogor,2022,38114.0,53.0,0.0,126345.0,58465.0,17256.0,48939.0,129060.0,202268.0,240.0,93817.0,15729.0,438.0,2.0,1676.0,389.0,170.0,431.0,965.0,1896.0,2.0,376.0,132.0
Bogor,2023,27322.5,520.0,0.0,137429.45,53576.6,29463.89,55772.93,122723.46,217823.7,10.0,64342.0,10482.7,352.5,5.5,1850.9,406.4,268.43,578.3,959.59,2053.3,0.5,347.5,102.0
Bogor,2024,26387.5,1322.2,0.0,126960.63,35989.0,41125.59,44778.16,135877.09,231530.97,0.0,48349.3,10873.0,335.0,18.0,1779.0,388.0,318.83,602.5,928.07,2019.7,2.0,327.1,105.5
Ciamis,2019,20631.0,877.0,20.0,3741.0,7422.0,47986.0,12676.0,8383.0,14345.0,0.0,18961.0,0.0,237.5,37.5,188.5,95.5,186.5,188.0,119.5,248.0,0.0,100.0,2.0
Ciamis,2020,0.0,0.0,0.0,0.0,0.0,0.0,0.0,0.0,0.0,0.0,0.0,0.0,237.5,37.5,188.5,95.5,186.5,188.0,119.5,248.0,0.0,100.0,2.0
Ciamis,2021,14157.0,1864.0,0.0,7243.0,11465.0,24099.0,12253.0,11675.0,13173.0,0.0,14298.0,98.0,187.0,27.0,153.0,115.0,240.0,133.0,117.0,151.0,0.0,120.0,2.0
Ciamis,2022,18666.0,3365.0,0.0,6564.0,10115.0,19542.0,18646.0,14656.0,20869.0,0.0,11639.0,230.0,228.0,48.0,169.0,85.0,200.0,178.0,150.0,230.0,0.0,91.0,4.0
Ciamis,2023,22080.0,4577.0,0.0,10790.0,10169.0,16422.0,18444.0,10924.0,22335.0,0.0,12861.0,0.0,262.0,66.0,279.0,106.0,156.0,201.0,122.0,329.0,0.0,109.0,2.0
Ciamis,2024,21249.0,1745.0,0.0,8067.0,8041.0,16350.0,17235.0,6347.0,19214.0,0.0,11051.0,150.0,247.0,23.0,208.0,78.0,173.0,198.0,56.0,266.0,0.0,84.0,1.0
Cianjur,2019,289467.0,2435.0,25023.0,1008.0,205047.0,299142.0,151012.0,44505.0,1970.0,1840.0,380216.0,593950.0,2799.75,88.85,59.5,1021.5,939.15,1520.5,519.25,98.5,9.5,1296.0,1534.5
Cianjur,2020,0.0,0.0,0.0,0.0,0.0,0.0,0.0,0.0,0.0,0.0,0.0,0.0,2799.75,88.85,59.5,1021.5,939.15,1520.5,519.25,98.5,9.5,1296.0,1534.5
Cianjur,2021,415210.0,10660.0,6040.0,3566.0,232485.0,87288.0,198436.0,91000.0,5582.0,2200.0,362970.0,395200.0,2767.0,129.0,102.0,985.0,790.0,1462.0,578.0,115.0,11.0,1313.0,1976.0
Cianjur,2022,312259.0,5960.0,0.0,2690.0,252019.0,123725.0,186841.0,97486.0,3925.0,4850.0,381357.0,213175.0,2087.0,67.0,68.0,1058.0,1007.0,1512.0,651.0,88.0,24.0,1281.0,1058.0
Cianjur,2023,418024.0,9227.5,0.0,1325.0,233250.0,118681.0,220151.5,68876.0,4360.5,350.0,380438.0,269160.0,2832.5,107.5,31.0,967.0,923.0,1569.0,460.5,104.0,2.0,1258.5,1391.0
Cianjur,2024,432350.0,6318.0,800.0,2355.0,255760.0,125450.0,194829.0,64385.0,4302.0,1600.0,365306.0,330600.0,2923.5,70.2,51.0,1107.0,955.3,1529.0,446.8,93.0,8.0,1311.0,1678.0
Cirebon,2019,0.0,334715.0,0.0,65.0,0.0,55647.0,230.0,2703.0,825.0,0.0,0.0,0.0,0.0,1565.25,12.25,0.0,372.0,2.0,8.225,21.5,0.0,1.0,0.0
Cirebon,2020,0.0,0.0,0.0,0.0,0.0,0.0,0.0,0.0,0.0,0.0,0.0,0.0,0.0,1565.25,12.25,0.0,372.0,2.0,8.225,21.5,0.0,1.0,0.0
Cirebon,2021,0.0,334636.0,0.0,0.0,0.0,56439.0,319.0,2762.0,615.0,0.0,0.0,0.0,0.0,3384.0,12.25,0.0,631.0,4.0,20.0,7.0,0.0,1.0,0.0
Cirebon,2022,0.0,400244.0,0.0,528.0,0.0,58828.0,173.0,603.0,3895.0,0.0,425.0,0.0,0.0,3761.0,33.0,0.0,675.0,2.0,7.0,62.0,0.0,5.0,0.0
Cirebon,2023,0.0,343019.0,0.0,900.8,0.0,28845.1,222.9,779.3,1564.0,0.0,100.0,0.0,0.0,3120.5,14.0,0.0,372.5,3.0,9.45,20.0,0.0,1.0,0.0
Cirebon,2024,0.0,320944.0,0.0,544.5,0.0,41537.0,943.5,1144.0,2806.0,0.0,10.0,0.0,0.0,3204.5,10.5,0.0,372.0,12.5,18.0,31.0,0.0,1.0,0.0
Garut,2019,403945.0,321047.0,1173.0,12177.0,148292.0,925690.0,459907.0,133603.0,39152.0,1562266.0,1131721.0,399972.0,2777.0,3560.5,144.5,963.5,4017.5,3965.5,819.0,323.0,7948.5,3619.0,1717.0
Garut,2020,0.0,0.0,0.0,0.0,0.0,0.0,0.0,0.0,0.0,0.0,0.0,0.0,2777.0,3560.5,144.5,963.5,4017.5,3965.5,819.0,323.0,7948.5,3619.0,1717.0
Garut,2021,400665.0,357933.0,0.0,15107.0,156390.0,662198.0,469454.0,113050.0,42241.0,1609447.0,1017703.0,353511.0,2697.0,3604.0,158.0,1028.0,4295.0,3492.0,893.0,314.0,6889.0,3549.0,1697.0
Garut,2022,427734.0,350105.0,0.0,18706.0,153826.0,669603.0,484279.0,120403.0,47394.0,1925514.0,1151018.0,348040.0,2857.0,3517.0,186.0,971.0,4227.0,3748.0,894.0,367.0,8237.0,3761.0,1682.0
Garut,2023,392207.0,341367.0,0.0,13282.0,147505.0,569990.0,651603.0,99603.0,42944.0,1803758.0,1048396.0,375635.0,2666.0,3464.0,131.0,955.0,3383.0,4197.0,745.0,320.0,7660.0,3689.0,1781.0
Garut,2024,429817.0,370822.0,0.0,9791.0,138074.0,533166.0,533572.0,83806.0,42101.0,1905230.0,910389.0,363034.0,2983.0,3756.0,110.0,956.0,3808.0,4183.0,710.0,326.0,8442.0,3265.0,1737.0
Indramayu,2019,0.0,14646.0,0.0,0.0,0.0,25237.0,1309.0,8787.0,2008.0,0.0,3019.0,0.0,4.0,209.68,77.5,24.0,819.185,129.215,225.015,141.755,0.0,69.0,0.0
Indramayu,2020,0.0,0.0,0.0,0.0,0.0,0.0,0.0,0.0,0.0,0.0,0.0,0.0,4.0,209.68,77.5,24.0,819.185,129.215,225.015,141.755,0.0,69.0,0.0
Indramayu,2021,93.0,11152.0,0.0,5433.0,664.0,58379.0,6250.0,15282.0,6027.0,0.0,5102.0,0.0,3.0,183.0,110.0,24.0,839.0,83.0,197.0,133.0,0.0,69.0,0.0
Indramayu,2022,81.0,7898.0,0.0,7235.0,182.0,41509.0,12323.0,21478.0,7971.0,0.0,3080.0,0.0,5.0,154.0,79.0,12.0,1065.0,257.0,218.0,93.0,0.0,69.0,0.0
Indramayu,2023,240.0,20810.2,0.0,4859.95,0.0,15292.08,5884.31,15963.08,10362.05,0.0,5828.05,0.0,3.0,236.36,76.0,24.0,799.37,81.05,232.03,150.51,0.0,65.68,0.0
Indramayu,2024,1419.0,22720.85,0.0,4508.0,200.0,33639.81,10566.9,19928.75,16038.24,0.0,9572.45,0.0,24.13,291.17,65.0,90.0,445.17,175.43,233.09,160.98,0.0,88.23,0.0
Jawa Barat,2019,1407997.0,1734632.0,66977.0,289870.0,798159.0,2639492.0,1284941.0,809434.0,562294.0,2454181.0,2849481.0,1553120.0,11782.075,16700.14,5358.405000000001,4808.335,11143.95,11669.825,5414.969999999999,6946.135,11293.5,9726.2,6048.21
Jawa Barat,2020,0.0,0.0,0.0,0.0,0.0,0.0,0.0,0.0,0.0,0.0,0.0,0.0,11782.075,16700.14,5358.405000000001,4808.335,11143.95,11669.825,5414.969999999999,6946.135,11293.5,9726.2,6048.21
Jawa Barat,2021,1670077.0,1706503.0,9632.0,344909.0,860934.0,1738926.0,1374563.0,831119.0,671778.0,2404817.0,2923088.0,1351166.0,11967.0,15877.0,4934.0,5019.0,12248.0,10628.0,6195.0,6582.0,10804.0,9978.0,6539.0
Jawa Barat,2022,1579677.0,1933183.0,4165.0,338038.0,921653.0,1619987.0,1490531.0,816614.0,595997.0,2720738.0,2729615.0,1280912.0,11462.0,17390.0,5434.0,4935.0,11615.0,11447.0,5757.0,6842.0,12245.0,9672.0,6356.0
Jawa Barat,2023,1631355.81,1793553.82,2076.0,330618.15,784350.01,1386709.68,1639890.7,665754.77,632002.22,2264196.0,2680726.82,1039721.7,11597.15,16010.28,5440.85,4341.13,9879.33,11892.65,5072.94,7167.83,9897.6,9586.57,5151.45
Jawa Barat,2024,1679364.83,1998916.86,3433.0,322040.0,725193.79,1441340.45,1637558.85,609758.01,634428.87,2496534.0,2647101.29,1002212.0,13277.96,17917.88,5282.81,4681.67,10672.9,13479.57,4784.34,7050.27,11783.0,9780.4,5740.42
Karawang,2019,0.0,485.0,0.0,150.0,0.0,285.0,1345.0,53111.0,1333.0,0.0,0.0,0.0,0.0,1.0,3.75,0.0,1.0,31.0,75.0,32.25,0.0,0.5,0.0
Karawang,2020,0.0,0.0,0.0,0.0,0.0,0.0,0.0,0.0,0.0,0.0,0.0,0.0,0.0,1.0,3.75,0.0,1.0,31.0,75.0,32.25,0.0,0.5,0.0
Karawang,2021,0.0,0.0,0.0,107.0,0.0,0.0,1897.0,8760.0,1000.0,0.0,0.0,0.0,0.0,1.0,4.0,0.0,1.0,55.0,104.0,43.0,0.0,0.5,0.0
Karawang,2022,0.0,20.0,0.0,203.0,0.0,96.0,145.0,1779.0,761.0,0.0,0.0,0.0,0.0,1.0,8.0,0.0,1.0,9.0,46.0,33.0,0.0,0.5,0.0
Karawang,2023,0.0,0.0,0.0,57.7,0.0,4.0,1923.07,3906.7,953.5,0.0,25.0,0.0,0.0,1.0,3.2,0.0,1.0,53.0,138.6,31.5,0.0,0.5,0.0
Karawang,2024,0.0,0.0,0.0,6.8,0.0,11.0,448.0,198.0,220.5,0.0,0.0,0.0,0.0,1.0,3.5,0.0,0.75,8.0,6.0,9.0,0.0,0.5,0.0
Kota Banjar,2019,60.0,227.0,0.0,2610.0,0.0,2280.0,2397.0,5340.0,4565.0,0.0,2280.0,0.0,29.5,4.0,81.0,0.0,30.5,61.0,97.0,111.0,0.0,40.5,0.0
Kota Banjar,2020,0.0,0.0,0.0,0.0,0.0,0.0,0.0,0.0,0.0,0.0,0.0,0.0,29.5,4.0,81.0,0.0,30.5,61.0,97.0,111.0,0.0,40.5,0.0
Kota Banjar,2021,915.0,410.0,0.0,4635.0,0.0,3060.0,4310.0,9850.0,7015.0,0.0,4018.0,0.0,18.0,4.0,82.0,0.0,26.0,56.0,98.0,108.0,0.0,31.0,0.0
Kota Banjar,2022,1023.0,380.0,0.0,4475.0,0.0,2985.0,3760.0,8648.0,6705.0,0.0,4995.0,0.0,24.0,4.0,80.0,0.0,28.0,58.0,96.0,108.0,0.0,40.0,0.0
Kota Banjar,2023,1680.0,190.0,0.0,4020.0,0.0,5755.0,4111.0,8530.0,7325.0,0.0,4465.0,0.0,35.0,2.0,71.0,0.0,42.0,64.0,84.0,114.0,0.0,41.0,0.0
Kota Banjar,2024,1635.0,320.0,0.0,6340.0,0.0,2385.0,4415.0,7530.0,9830.0,0.0,4185.0,0.0,40.0,4.0,93.0,0.0,33.0,67.0,105.0,140.0,0.0,55.0,0.0
Kota Cimahi,2019,480.0,0.0,0.0,57.0,50.0,350.0,240.0,70.0,5546.0,0.0,0.0,0.0,1.0,1.08,18.0,0.0,0.05,3.5,0.0,41.0,0.0,1.0,0.0
Kota Cimahi,2020,0.0,0.0,0.0,0.0,0.0,0.0,0.0,0.0,0.0,0.0,0.0,0.0,1.0,1.08,18.0,0.0,0.05,3.5,0.0,41.0,0.0,1.0,0.0
Kota Cimahi,2021,0.0,0.0,0.0,72.0,0.0,250.0,510.0,0.0,1512.0,0.0,0.0,0.0,1.0,1.08,18.0,0.0,1.0,3.0,0.0,30.0,0.0,1.0,0.0
Kota Cimahi,2022,0.0,0.0,0.0,36.0,0.0,0.0,295.0,0.0,2253.0,0.0,0.0,0.0,1.0,1.08,16.0,0.0,0.05,4.0,0.0,38.0,0.0,1.0,0.0
Kota Cimahi,2023,0.0,0.0,0.0,75.0,0.0,0.14,22.2,0.0,2780.0,0.0,0.0,0.0,1.0,1.08,18.0,0.0,0.02,1.01,0.0,44.0,0.0,1.0,0.0
Kota Cimahi,2024,180.0,31.6,0.0,223.0,0.0,1.12,81.56,0.0,3480.0,0.0,132.5,0.0,1.0,1.08,29.0,0.0,0.05,4.05,0.0,52.0,0.0,1.0,0.0
Kota Depok,2019,0.0,0.0,0.0,4218.0,0.0,0.0,7.0,193.0,8172.0,0.0,0.0,0.0,0.0,0.01,134.12,0.0,0.0,1.375,0.23,170.385,0.0,0.12,0.0
Kota Depok,2020,0.0,0.0,0.0,0.0,0.0,0.0,0.0,0.0,0.0,0.0,0.0,0.0,0.0,0.01,134.12,0.0,0.0,1.375,0.23,170.385,0.0,0.12,0.0
Kota Depok,2021,0.0,0.0,0.0,4287.0,0.0,0.0,20.0,0.0,7542.0,0.0,0.0,0.0,0.0,0.01,147.0,0.0,0.0,1.0,0.23,187.0,0.0,0.12,0.0
Kota Depok,2022,0.0,0.0,0.0,4640.0,0.0,0.0,15.0,0.0,8012.0,0.0,0.0,0.0,0.0,0.01,142.0,0.0,0.0,1.0,0.23,181.0,0.0,0.12,0.0
Kota Depok,2023,0.0,0.0,0.0,3719.34,0.0,0.0,215.22,0.0,8832.19,0.0,0.0,0.0,0.0,0.01,126.24,0.0,0.0,4.06,0.23,159.77,0.0,0.12,0.0
Kota Depok,2024,0.0,1.6,0.0,4689.17,0.0,0.0,233.5,4.8,11659.11,0.0,38.99,0.0,0.0,0.01,114.08,0.0,0.0,1.75,0.23,150.11,0.0,0.12,0.0
Kuningan,2019,63707.0,44442.0,0.0,10.0,2644.0,7155.0,20321.0,658.0,792.0,0.0,13545.0,4700.0,205.0,302.0,0.0,5.0,96.5,183.0,4.5,2.5,3.0,47.5,15.5
Kuningan,2020,0.0,0.0,0.0,0.0,0.0,0.0,0.0,0.0,0.0,0.0,0.0,0.0,205.0,302.0,0.0,5.0,96.5,183.0,4.5,2.5,3.0,47.5,15.5
Kuningan,2021,48409.0,26718.0,0.0,0.0,868.0,4972.0,12814.0,11.0,648.0,540.0,9793.0,2630.0,256.0,270.0,0.0,3.0,94.0,203.0,2.0,2.0,3.0,34.0,14.0
Kuningan,2022,36415.0,29111.0,0.0,0.0,1192.0,7469.0,10568.0,394.0,648.0,0.0,7636.0,3196.0,199.0,304.0,0.0,7.0,124.0,249.0,6.0,3.0,3.0,63.0,17.0
Kuningan,2023,33363.0,32079.0,0.0,0.0,1333.0,10300.0,14518.0,393.0,621.0,180.0,7918.0,3384.0,183.0,300.0,0.0,13.0,99.0,163.0,9.0,4.0,1.0,54.0,18.0
Kuningan,2024,31901.0,39563.0,0.0,0.0,528.0,5676.0,9184.0,158.0,324.0,1160.0,4231.0,2069.0,211.0,365.0,0.0,3.0,84.0,134.0,3.0,2.0,8.0,41.0,11.0
Majalengka,2019,92574.0,379731.0,5109.0,0.0,2059.0,124314.0,77828.0,14645.0,224.0,41932.0,32806.0,16598.0,627.5,2772.0,0.0,29.0,264.0,601.0,88.9,2.7,233.5,173.0,63.5
Majalengka,2020,0.0,0.0,0.0,0.0,0.0,0.0,0.0,0.0,0.0,0.0,0.0,0.0,627.5,2772.0,0.0,29.0,264.0,601.0,88.9,2.7,233.5,173.0,63.5
Majalengka,2021,98296.0,340683.0,0.0,0.0,4055.0,30469.0,88697.0,13760.0,0.0,56454.0,43583.0,19190.0,699.0,2873.0,0.0,25.0,235.0,673.0,90.0,2.7,329.0,221.0,112.0
Majalengka,2022,80019.0,333192.0,0.0,0.0,5514.0,30356.0,69776.0,6813.0,315.0,40794.0,14852.0,10928.0,556.0,2573.0,0.0,33.0,235.0,529.0,48.0,2.0,227.0,89.0,59.0
Majalengka,2023,39472.5,358111.76,570.0,0.0,1815.0,22566.0,45414.4,12283.0,1161.0,38608.0,35010.0,16304.0,329.0,2882.5,0.0,19.0,293.0,403.5,87.8,7.6,165.0,125.0,58.0
Majalengka,2024,107413.0,319782.5,584.0,0.0,8260.0,37889.3,62799.4,8344.4,290.15,60695.0,65941.5,13953.5,793.0,2671.0,0.0,54.0,653.0,765.0,91.0,2.7,240.0,249.0,68.0
Pangandaran,2019,866.0,115.0,0.0,310.0,964.0,3328.0,1063.0,1388.0,1257.0,100.0,899.0,0.0,6.0,6.0,2.5,10.0,40.0,33.5,30.0,31.5,0.0,7.0,0.0
Pangandaran,2020,0.0,0.0,0.0,0.0,0.0,0.0,0.0,0.0,0.0,0.0,0.0,0.0,6.0,6.0,2.5,10.0,40.0,33.5,30.0,31.5,0.0,7.0,0.0
Pangandaran,2021,711.0,145.0,0.0,639.0,451.0,1912.0,2484.0,2472.0,1754.0,0.0,80.0,0.0,21.0,5.0,21.0,13.0,33.0,49.0,49.0,43.0,0.0,2.0,0.0
Pangandaran,2022,250.0,201.0,0.0,117.0,255.0,1625.0,1027.0,883.0,1155.0,0.0,275.0,0.0,6.0,4.0,4.0,7.0,32.0,15.0,19.0,33.0,0.0,5.0,0.0
Pangandaran,2023,254.0,494.0,0.0,34.0,0.0,2949.0,1349.0,1558.0,810.0,0.0,628.0,0.0,6.0,7.0,1.0,10.0,47.0,21.0,31.0,21.0,0.0,9.0,0.0
Pangandaran,2024,113.0,947.0,0.0,27.0,0.0,2265.0,2556.0,1133.0,1074.0,0.0,1470.0,0.0,3.0,23.0,1.0,10.0,49.0,46.0,29.0,30.0,0.0,29.0,0.0
Purwakarta,2019,8445.0,0.0,0.0,5948.0,20842.0,38755.0,35402.0,68860.0,20950.0,0.0,23427.0,145.0,85.0,19.25,82.5,66.7,104.05,168.25,251.4,166.05,0.0,91.6,3.0
Purwakarta,2020,0.0,0.0,0.0,0.0,0.0,0.0,0.0,0.0,0.0,0.0,0.0,0.0,85.0,19.25,82.5,66.7,104.05,168.25,251.4,166.05,0.0,91.6,3.0
Purwakarta,2021,6880.0,1309.0,0.0,5837.0,10143.0,14413.0,22182.0,34119.0,17909.0,0.0,14779.0,365.0,85.0,40.0,105.0,79.0,99.0,153.0,284.0,192.0,0.0,88.0,4.0
Purwakarta,2022,7848.0,1364.0,0.0,3722.0,9165.0,25829.0,28152.0,26913.0,13719.0,0.0,14738.0,195.0,87.0,24.0,82.0,68.0,124.0,177.0,256.0,178.0,0.0,101.0,3.0
Purwakarta,2023,5369.0,629.0,0.0,4153.0,8503.0,15699.0,21881.7,23734.0,11721.4,0.0,12310.5,125.0,62.0,14.5,83.0,56.0,105.9,159.5,246.8,154.1,0.0,90.7,2.0
Purwakarta,2024,6801.5,75.0,0.0,1578.0,11708.3,19096.2,25384.3,28820.5,12290.3,0.0,14608.7,0.0,85.0,2.0,45.0,65.4,102.2,185.5,195.0,113.25,0.0,92.5,3.0
Subang,2019,3617.0,3758.0,2625.0,1402.0,41535.0,49963.0,33349.0,73846.0,5962.0,0.0,121433.0,0.0,76.5,55.5,0.0,163.0,187.5,182.0,275.0,39.0,2.0,167.0,0.0
Subang,2020,0.0,0.0,0.0,0.0,0.0,0.0,0.0,0.0,0.0,0.0,0.0,0.0,76.5,55.5,0.0,163.0,187.5,182.0,275.0,39.0,2.0,167.0,0.0
Subang,2021,4753.0,8544.0,0.0,0.0,25460.0,25738.0,25509.0,74304.0,10230.0,0.0,67708.0,0.0,66.0,68.0,0.0,169.0,225.0,198.0,530.0,80.0,2.0,259.0,0.0
Subang,2022,3300.0,6758.0,0.0,0.0,31013.0,18417.0,31218.0,46126.0,7697.0,0.0,22428.0,0.0,50.0,74.0,0.0,225.0,187.0,166.0,334.0,31.0,2.0,174.0,0.0
Subang,2023,7128.0,4950.0,0.0,0.0,13502.0,21688.2,18061.0,39717.0,5205.5,200.0,15245.0,0.0,87.0,43.0,0.0,157.0,188.0,155.0,216.0,34.0,2.0,151.0,0.0
Subang,2024,1962.41,4235.6,0.0,0.0,6511.5,15126.0,15312.5,30576.0,7511.0,0.0,15702.1,0.0,96.0,35.0,0.0,151.0,186.0,207.0,200.0,44.0,2.0,160.0,0.0
Sukabumi,2019,55582.0,3550.0,2749.0,1496.0,92940.0,216741.0,113910.0,113741.0,7183.0,690.0,161484.0,23407.0,626.0,51.135000000000005,44.55,605.45,518.65,1347.5,787.0,55.0,1.55,797.0,221.975
Sukabumi,2020,0.0,0.0,0.0,0.0,0.0,0.0,0.0,0.0,0.0,0.0,0.0,0.0,626.0,51.135000000000005,44.55,605.45,518.65,1347.5,787.0,55.0,1.55,797.0,221.975
Sukabumi,2021,77890.0,10860.0,0.0,4213.0,124490.0,100794.0,138115.0,150188.0,13729.0,0.0,161926.0,41193.0,744.0,114.0,55.0,779.0,856.0,1168.0,944.0,57.0,1.55,797.0,225.0
Sukabumi,2022,83046.0,3329.0,0.0,1601.0,147492.0,106967.0,169819.0,165394.0,11760.0,200.0,196198.0,64181.0,708.0,47.0,47.0,847.0,675.0,1527.0,996.0,55.0,2.0,1044.0,327.0
Sukabumi,2023,69532.5,5231.0,0.0,1828.4,96641.2,76794.2,157859.1,130975.0,14866.0,252.0,201724.0,30014.0,626.0,55.27,44.55,605.45,518.65,1528.75,790.5,87.5,1.1,884.95,218.95
Sukabumi,2024,50987.0,3992.0,0.0,1641.45,51240.3,69632.0,167558.0,72132.42,12549.0,0.0,146839.0,16531.5,560.5,119.1,53.95,577.4,543.0,2096.4,787.0,135.5,1.55,869.8,117.92
Sumedang,2019,12293.0,3277.0,334.0,120.0,3929.0,50348.0,33241.0,23338.0,5485.0,11790.0,30718.0,158.0,140.5,81.0,8.5,80.0,141.5,386.0,147.5,36.0,53.0,382.0,1.0
Sumedang,2020,0.0,0.0,0.0,0.0,0.0,0.0,0.0,0.0,0.0,0.0,0.0,0.0,140.5,81.0,8.5,80.0,141.5,386.0,147.5,36.0,53.0,382.0,1.0
Sumedang,2021,13776.0,5213.0,0.0,718.0,4053.0,9052.0,31077.0,25195.0,4598.0,10780.0,29203.0,140.0,149.0,59.0,11.0,46.0,84.0,291.0,209.0,40.0,56.0,263.0,2.0
Sumedang,2022,13623.0,7523.0,0.0,1043.0,7965.0,14280.0,35598.0,20640.0,4903.0,10511.0,42841.0,75.0,157.0,83.0,9.0,83.0,127.0,368.0,169.0,43.0,53.0,368.0,1.0
Sumedang,2023,11190.0,7020.0,0.0,667.0,7699.0,17919.44,42593.15,9029.95,3235.0,10543.0,48351.49,105.0,132.0,79.0,8.0,77.0,160.0,404.0,101.0,32.0,53.0,396.0,1.0
Sumedang,2024,10687.0,16357.75,0.0,341.0,9587.99,20672.87,63396.32,12758.2,2258.0,10643.0,62027.8,105.0,121.0,136.0,4.0,94.0,156.0,501.0,126.0,20.0,53.0,440.0,1.0
Tasikmalaya,2019,12338.0,1005.0,692.0,4023.0,20683.0,151832.0,28919.0,30332.0,9836.0,0.0,31764.0,20.0,210.6,5.15,82.5,133.20499999999998,346.65,183.655,154.65,129.5,0.0,139.19,10.0
Tasikmalaya,2020,0.0,0.0,0.0,0.0,0.0,0.0,0.0,0.0,0.0,0.0,0.0,0.0,210.6,5.15,82.5,133.20499999999998,346.65,183.655,154.65,129.5,0.0,139.19,10.0
Tasikmalaya,2021,21351.0,1321.0,0.0,7973.0,32593.0,91063.0,26786.0,31884.0,13734.0,0.0,34819.0,914.0,278.0,23.0,179.0,408.0,851.0,372.0,405.0,259.0,0.0,360.0,13.0
Tasikmalaya,2022,20223.0,1223.0,0.0,6550.0,25349.0,70540.0,24373.0,22766.0,12996.0,0.0,27596.0,689.0,265.0,22.0,153.0,331.0,685.0,348.0,305.0,245.0,0.0,292.0,10.0
Tasikmalaya,2023,16008.31,472.0,0.0,7775.15,19193.71,63754.1,27677.01,23371.86,13917.56,0.0,24495.76,936.0,210.6,8.5,182.8,266.93,698.01,369.21,321.9,270.91,0.0,271.94,12.0
Tasikmalaya,2024,20736.12,298.55,0.0,8291.6,18554.7,60884.5,31474.71,21099.1,14890.06,0.0,25593.9,369.0,268.68,6.3,195.04,251.41,657.3,417.95,291.3,288.04,0.0,277.02,5.0
